-- phpMyAdmin SQL Dump
-- version 3.4.10.1deb1
-- http://www.phpmyadmin.net
--
-- Client: localhost
-- Généré le : Lun 08 Avril 2013 à 02:05
-- Version du serveur: 5.5.29
-- Version de PHP: 5.3.10-1ubuntu3.5

SET SQL_MODE="NO_AUTO_VALUE_ON_ZERO";
SET time_zone = "+00:00";


/*!40101 SET @OLD_CHARACTER_SET_CLIENT=@@CHARACTER_SET_CLIENT */;
/*!40101 SET @OLD_CHARACTER_SET_RESULTS=@@CHARACTER_SET_RESULTS */;
/*!40101 SET @OLD_COLLATION_CONNECTION=@@COLLATION_CONNECTION */;
/*!40101 SET NAMES utf8 */;

--
-- Base de données: `eportfolio`
--

-- --------------------------------------------------------

--
-- Structure de la table `article`
--

CREATE TABLE IF NOT EXISTS `article` (
  `id` bigint(20) NOT NULL AUTO_INCREMENT,
  `detail` longtext NOT NULL,
  `nom` varchar(200) NOT NULL,
  `version` int(11) DEFAULT NULL,
  PRIMARY KEY (`id`)
) ENGINE=InnoDB  DEFAULT CHARSET=latin1 AUTO_INCREMENT=13 ;

--
-- Contenu de la table `article`
--

INSERT INTO `article` (`id`, `detail`, `nom`, `version`) VALUES
(1, '<div style="text-align: center;"><strong>Membres :</strong><br />\r\nNicolas BARROSO<br />\r\nAntoine FIDALGO<br />\r\nQuentin GEFFARD<br />\r\nFlorian LAFOREST<br />\r\n<a href="https://github.com/qgeffard/TPGetapTU"><strong>Lien vers le projet GitHub</strong></a></div>\r\n\r\n<h1>1/Contexte</h1>\r\n\r\n<h2>Le probl&egrave;me :</h2>\r\n\r\n<p>L&#39;&#39;application GeTAP initi&eacute;e au cours du printemps 2011 entrera bient&ocirc;t en phase de d&eacute;ploiement. Nous souhaitons que le code source exprime de fa&ccedil;on plus claire, plus communicante, les diff&eacute;rentes transitions responsables des changements d&#39;&#39;&eacute;tat de l&#39;&#39;objet central de cette application, &agrave; savoir les demandes de validation de consommation de temps d&#39;&#39;accompagnement personnalis&eacute; (DVCTAP) repr&eacute;sent&eacute;es par la classe DemandeValidationConsoTempsAccPers.java</p>\r\n\r\n<h2>La plateforme de travail :</h2>\r\n\r\n<p>Pour les besoins de cette mission, un morceau de l&#39;&#39;application a &eacute;t&eacute; extrait de son contexte technique (hors certaines dimensions techniques du web : pas de mvc, spring, tomcat, jsp...)</p>\r\n\r\n<h2>Diagramme d&#39;&#39;&eacute;tat transitions fourni :</h2>\r\n\r\n<p><img alt="Diagramme etat" src="/eportfolio/resources/images/refactoring/img1.png" /><br />\r\nA partir de ce contexte et d&#39;&#39;apr&egrave;s le TP propos&eacute; nous avons commenc&eacute; par &eacute;tablir un diagramme de classe de l&#39;&#39;existant afin de mieux comprendre la logique de l&#39;&#39;application.</p>\r\n\r\n<h1>2/ Diagramme de classes UML de l&#39;&#39;existant</h1>\r\n\r\n<p><img alt="Diagramme de classes" src="/eportfolio/resources/images/refactoring/img2.png" /><br />\r\nLa classe DemandeValidationConsoTempsAccPers est la classe repr&eacute;sentant une demande de consommation de temps d&#39;&#39;aide personnalis&eacute;e. Cette classe est reli&eacute;e &agrave; la classe User par une association 1-1 pour un User de type &laquo; prof &raquo; et par une m&ecirc;me relation mais pour un User de type &laquo; eleve &raquo; car une demande de ce type a besoin de deux User pour &ecirc;tre compl&egrave;te. Cette classe a aussi besoin d&#39;&#39;un &laquo; AccPersonalise &raquo; d&#39;&#39;o&ugrave; l&#39;&#39;association de &laquo; DemandeValidationConsoTempsAccPers &raquo; vers &laquo; AccPersonalise &raquo;. Nous avons ensuite la classe User qui en plus de ses relations avec &laquo; DemandeValidationConsoTempsAccPers &raquo; poss&egrave;de des associations avec &laquo; Classe &raquo; et &laquo; Discipline &raquo; car un User de type &laquo; prof &raquo; aura besoin d&#39;&#39;une discipline(discipline enseign&eacute;e), et n&#39;&#39;importe quel type de User appartient au moins &agrave; une classe.Nous avons ensuite cr&eacute;&eacute; une classe Exemple qui nous a servi &agrave; tester les limites de l&#39;&#39;existant.</p>\r\n\r\n<h1>3/ Classe Exemple</h1>\r\n\r\n<p>Voici la classe exemple attendu dans notre mission :<br />\r\n<img alt="Code" src="/eportfolio/resources/images/refactoring/img3.png" /><br />\r\nUne fois la classe exemple cr&eacute;&eacute;e on s&#39;&#39;est aper&ccedil;u que l&#39;&#39;&eacute;tat pouvait &ecirc;tre chang&eacute; &agrave; n&#39;&#39;importe quel moment et dans n&#39;&#39;importe quelle situation : chose qui ne devrait pas &ecirc;tre possible. Exemple, un &eacute;l&egrave;ve ne devrait pas pouvoir modifier sa demande une fois que le prof y est lui-m&ecirc;me apport&eacute; ses modifications. Nous avons donc cr&eacute;&eacute; toute une batterie de tests unitaires afin de comprendre et de pouvoir modifier en cons&eacute;quence le code du programme.</p>\r\n\r\n<h1>4/ TESTS UNITAIRES</h1>\r\n\r\n<p>Classe de test :<br />\r\n<img alt="Code" src="/eportfolio/resources/images/refactoring/img4.png" /><br />\r\n<img alt="Code" src="/eportfolio/resources/images/refactoring/img6.png" /></p>\r\n\r\n<h1>5/ JAVADOC</h1>\r\n\r\n<p>Pour finir nous avons comment&eacute; toutes les m&eacute;thodes &agrave; la sauce JAVADOC. Pour cela nous sommes all&eacute;s &eacute;tudier cette m&eacute;thode de commentaire sur le Site Du Z&eacute;ro. Ci-dessous un exemple d&#39;&#39;une de nos fonctions comment&eacute;e fa&ccedil;on JAVADOC.<img alt="Code" src="/eportfolio/resources/images/refactoring/img5.png" /><br />\r\nL&#39;&#39;outil JAVADOC permet, en inspectant le code Java des classes, de produire une documentation tr&egrave;s compl&egrave;te de l&#39;&#39;application. Pour ce faire, il existe une multitude de TAGS permettant de commenter correctement ses m&eacute;thodes : chacun permettant d&#39;&#39;apporter des pr&eacute;cisions sur la m&eacute;thode. En voici un extrait :</p>\r\n\r\n<ul>\r\n	<li>@return</li>\r\n	<li>@param</li>\r\n	<li>@throws</li>\r\n	<li>@author</li>\r\n	<li>@version</li>\r\n	<li>@see</li>\r\n	<li>@since</li>\r\n	<li>@serial</li>\r\n	<li>@deprecated</li>\r\n</ul>\r\n', 'GeTAP : refactoring  avec tests unitaires', 1),
(2, '<p>&nbsp;</p>\r\n\r\n<div style="text-align:center;"><strong>&Eacute;quipe :</strong><br />\r\nNicolas BARROSO<br />\r\nAntoine FIDALGO<br />\r\nQuentin GEFFARD<br />\r\nFlorian LAFOREST</div>\r\n\r\n<h1>1/ Contexte</h1>\r\n\r\n<p>Nous sommes intervenus sur des &eacute;l&eacute;ments du projet GeTAP. Pour le bon d&eacute;roulement des op&eacute;rations pr&eacute;c&eacute;dentes, ces &eacute;l&eacute;ments ont &eacute;t&eacute; extraits de ce projet. Notre mission &agrave; consist&eacute; &agrave; int&eacute;grer notre travail dans le projet en place (<a href="contexte">voir contexte GeTAP</a>).Cette int&eacute;gration ne se fait jamais directement sur une application en production. Nous avons effectu&eacute; ce travail &agrave; partir d&rsquo;un fork du projet GeTAP dans sa version actuelle :<br />\r\n<a href="https://github.com/sio-melun/prolog-getap" target="_blank" title="prolog-getap">https://github.com/sio-melun/prolog-getap</a></p>\r\n\r\n<h3>Le but de notre travail d&rsquo;int&eacute;gration :</h3>\r\n\r\n<p>La classe DVCTAP dispose maintenant de m&eacute;thodes g&eacute;rant le cycle de vie typique d&rsquo;une instance DVCTAP. Actuellement l&rsquo;application g&egrave;re les changements d&rsquo;&eacute;tats en modifiant la valeur de l&rsquo;attribut etat d&rsquo;une instance de DVCTAP directement via son setter ou d&rsquo;autres m&eacute;thodes sp&eacute;cifiques ant&eacute;rieures &agrave; notre travail. Il faut donc modifier ce comportement interne afin de passer dor&eacute;navant par les m&eacute;thodes responsables des transitions, en int&eacute;grant en plus une gestion des exceptions.<img alt="getap" class="alignnone size-large wp-image-40" height="358" src="/eportfolio/resources/images/integration/img1.png" width="500" /></p>\r\n\r\n<h1>2/ D&eacute;marche</h1>\r\n\r\n<h3>1. Phase d&rsquo;int&eacute;gration :</h3>\r\n\r\n<p>Nous avons commenc&eacute; par remplacer le fichier &laquo; DemandeValidationConsoTempsAccPers.java &raquo; par celui cr&eacute;&eacute; dans le pr&eacute;c&eacute;dent projet (voir rapport sur le REFACTORING de GeTAP). Afin de s&rsquo;assurer que l&rsquo;application fonctionnait toujours nous avons &eacute;galement int&eacute;gr&eacute; les tests unitaires testant la classe que nous venions d&rsquo;int&eacute;gr&eacute;e (images ci-dessous).<br />\r\n<img alt="testintegration" class="alignnone size-large wp-image-41" height="161" src="/eportfolio/resources/images/integration/img2.png" width="600" /><br />\r\nLes tests &eacute;tant concluants, il a fallu adapter le comportement des autres activit&eacute;s de GeTAP se r&eacute;f&eacute;ren&ccedil;ant &agrave; la classe &laquo; DemandeValidationConsoTempsAccPers.java &raquo; afin de pouvoir y int&eacute;grer les nouvelles m&eacute;thodes (renommage).</p>\r\n\r\n<h3>2. Modification pour les vues :</h3>\r\n\r\n<p>Ci-dessous, le remplacement de simples tests d&rsquo;&eacute;galit&eacute; de l&rsquo;&eacute;tat par les m&eacute;thodes appropri&eacute;es (isser) ce qui rend le code beaucoup plus lisible et compr&eacute;hensible pour le d&eacute;veloppeur. Cela nous a permis en priorit&eacute; de ne plus travailler avec de simple valeur enti&egrave;re mais de g&eacute;rer les diff&eacute;rents &eacute;tat avec un masque de bits.<br />\r\n<img alt="ti2" class="alignnone size-full wp-image-42" height="41" src="/eportfolio/resources/images/integration/img3.png" width="450" /><br />\r\nVoici l&rsquo;exemple de la fonction isModifieeEleve utilis&eacute;e dans la vue pr&eacute;c&eacute;dente. C&rsquo;est une m&eacute;thode qui retourne un boolean cr&eacute;&eacute; par le test d&rsquo;&eacute;galit&eacute; entre 0 et la valeur retourn&eacute; par l&rsquo;op&eacute;rateur &amp; sur l&rsquo;&eacute;tat et la constante MODIFIEE_ELEVE. Ce qui permet de savoir si le bit voulu a &eacute;t&eacute; lev&eacute; ou non.<span style="color:#950055;">public boolean</span> isModifieeEleve() {<span style="color:#950055;">return</span> (<span style="color:#950055;">this</span>.etat &amp; MODIFIEE_ELEVE) != 0;}</p>\r\n\r\n<h3>3. Modification d&rsquo;un controller :</h3>\r\n\r\n<p><img alt="ti3" class="alignnone size-full wp-image-43" height="110" src="/eportfolio/resources/images/integration/img4.png" width="600" /><br />\r\nComme pour les getter/setter de l&rsquo;exemple pr&eacute;c&eacute;dent, nous avons remplac&eacute;, dans les controllers, les m&eacute;canismes de comparaison de valeurs pour int&eacute;grer le syst&egrave;me de masque de bit.</p>\r\n\r\n<h3>4. Ajout des loggers :</h3>\r\n\r\n<p>Nous avons int&eacute;gr&eacute;, dans les attributs de la classe DVCTAP, un logger :<span style="color:#950055;">private final</span> Logger <span style="color:#2a00ff;">logger</span> = LoggerFactory.getLogger(DemandeValidationConsoTempsAccPers.<span style="color:#950055;">class</span>);Il nous a fallu rajouter dans le fichier &laquo; log4j.xml &raquo; un niveau remontant les informations sur ce logger. Le scope dans le &laquo; log4j.xml &raquo; permet d&rsquo;affiner le renseignement des informations logg&eacute;es.<br />\r\n<br />\r\n<span style="color:#645fd3;">&lt;!&ndash; Application logger &ndash;&gt;</span></p>\r\n\r\n<p style="text-align:left;"><span style="color:#3f7f7f;">&lt;logger</span> <span style="color:#950055;">name</span>=<span style="color:#2a00ff;">&quot;org.ldv.sio.getap.app&quot;</span><span style="color:#3f7f7f;">&gt;</span><br />\r\n<span style="color:#3f7f7f;">&lt;level</span> <span style="color:#950055;">value</span>=<span style="color:#2a00ff;">&quot;info&quot;</span> <span style="color:#3f7f7f;">/&gt;</span><br />\r\n<span style="color:#3f7f7f;">&lt;/logger&gt;</span></p>\r\n\r\n<p>Nous avons pu ensuite ajouter &agrave; nos m&eacute;thodes getter/setter des loggers nous permettant de v&eacute;rifier le passage par la m&eacute;thode concern&eacute;e.Date dateLog = <span style="color:#950055;">new</span> Date();<span style="color:#2a00ff;">logger</span>.info(<span style="color:#2a00ff;">&quot;\\\\n MODIFICATION PAR ELEVE : &quot;</span> + dateLog + <span style="color:#2a00ff;">&quot;\\\\n &quot;</span>+ <span style="color:#950055;">this</span>.toString());</p>\r\n\r\n<h1>3/ Conclusion</h1>\r\n\r\n<p>Le syst&egrave;me de masque binaire a donc &eacute;t&eacute; int&eacute;gralement impl&eacute;ment&eacute; dans l&rsquo;existant. Les tests unitaires ont accompagn&eacute;s le bon d&eacute;roulement de cette op&eacute;ration sans modifier le bon comportement initial de GeTAP. L&rsquo;ajout des instructions de logs a permis de v&eacute;rifier la prise en charge des m&eacute;thodes int&eacute;gr&eacute;es dans l&rsquo;existant.</p>\r\n', 'GeTAP : intégration avec tests unitaires', 1),
(3, '<p>L’article suivant a été rédigé dans le cadre d’un projet d’application web codé en JAVA à l’aide de l’outil de développement Spring ROO qui s’appuie sur le Framework Spring.Le but de cette article va être de modifier la valeur d’un tableau sans avoir à recharger tout le tableau en rechargeant la page.</p><h4>Tout d’abord, qu’est ce que l’AJAX ?</h4><p>La définition est Asynchronous Javascript And Xml. Il ne s’agit donc pas d’une technologie en elle même, mais d’un concept permettant de faire des appels asynchrones au serveur depuis le client. Le serveur pourra retourner soit du Xml, du texte, du JSON … qui sera traité par le Javascript. Ce concept va nous permettre de modifier/ajouter des éléments sur la page en cour sans avoir à recharger celle-ci.</p><h4>Utilisation : l’objet XmlHttpRequest</h4>Nous allons créer en Javascript un objet du type XmlHttpRequest (ou xhr) qui va nous permettre d’effectuer nos requêtes http et d’échanger du Xml avec le serveur<br/><br/><img class="alignnone size-large wp-image-24" alt="img12" src="/eportfolio/resources/images/ajax/img1.png" width="450" height="196" /><br/><br/>Nous avons maintenant sous la main un objet XHR prêt à travailler pour nous. Celui-ci possède plusieurs méthodes et propriétés disponibles à cette adresse : <a href="http://siddh.developpez.com/articles/ajax" target="_blank">http://siddh.developpez.com/articles/ajax</a><br/><br/>Nous créons maintenant notre propre fonction qui grâce à onreadystatechange sera appelée à chaque changement d’état de notre objet XHR. On appellera cette fonction “go()” . On lui passe plusieurs paramètres : “element” qui est de type text et qui nous permettra de définir un texte approprié dans la fenêtre d’alerte qui s’affichera, “value” qui correspond à la valeur actuelle de la cellule sélectionnée et “position” qui contient à la fois l’id de la ligne et le numéro de la colonne. Les deux données étant séparées par un tiret ( – ). Pour plus de clarté nous allons définir des constantes : CLIENT, NUM_CDE_ACHAT_ARISTOTE , … Ces constantes correspondent en fait à des colonnes ! Ainsi dans notre exemple nous avons une colonne Client, une colonne Fournisseur etc … et donc une colonne Numéro de Commande Achat Aristote. On sépare ensuite les données contenues dans “position” dans deux autres variables : “id” pour le numéro de ligne et “pos” pour le numéro de colonne. On définit enfin une variable “saisie” qui va contenir la nouvelle saisie de l’utilisateur.<br/><br/><img class="alignnone size-large wp-image-25" alt="img8" src="/eportfolio/resources/images/ajax/img2.png" width="450" height="115" /><br/><br/>On attaque ensuite le coeur du système. On teste notre variable “pos” (qui correspond à une colonne je vous le rappel) et dans un premier temps nous allons vérifier si cette variable est égale à la constante CLIENT (si nous nous trouvons bien dans la colonne Client !). Je vous rappel que notre file rouge concerne une modification de valeur dans un tableau en AJAX par le biais d’une prompt ! Le cas de la colonne Client étant de type “select” je n’expliquerais pas ici ce cas. Comme notre variable “pos” ne correspond pas à la constante CLIENT nous passons alors dans le “else” (dans notre application nous traitons tous les cas autre que les alert de type prompt qui, elles, correspondent au else). Nous récupérons alors dans le else la valeur saisie par l’utilisateur par le biais de la fonction prompt() à laquelle on passe en paramètre un texte personnalisé (“element”) et la valeur de base de la cellule de notre tableau (“value”).<br/><br/><img class="alignnone size-large wp-image-26" alt="img9" src="/eportfolio/resources/images/ajax/img3.png" width="450" height="99" /><br/><br/>Il nous faut ensuite vérifier que la saisie de l’utilisateur n’est pas nulle. Nous instantion maintenant une variable de type XmlHttpRequest grâce à notre fonction getXhr() créée plus haut. On définit notre propre fonction qui sera appelée à chaque changement de l’état de notre objet grâce à la propriété onreadystatechange. Puis ensuite nous vérifions grâce aux propriétés vus plus haut si les données ont finit d’être chargées et si la réponse du serveur est ok. Les deux conditions suivante concernant CLIENT et FOURNISSEUR sont dans notre cas passé sans soucis puisque nous ne nous intéressons pas au cas de la colonne CLIENT et FOURNISSEUR. Comme ces conditions sont passées on met la réponse du serveur dans notre variable “saisie” grâce à la propriété responseText. On vérifie si notre variable “saisie” n’est pas nulle (si le serveur a retourné une réponse). Si elle n’est pas nulle alors on remplace la valeur du tableau par la réponse du serveur (la valeur entrée par l’utilisateur). Ceci clos notre fonction xhr.onreadystatechange function().<br/><br/><img class="alignnone size-large wp-image-27" alt="img10" src="/eportfolio/resources/images/ajax/img4.png" width="450" height="239" /><br/><br/>C’est maintenant que nous allons définir la requête à envoyer au serveur. Avec des conditions nous vérifions la valeur de “pos” afin de connaitre la colonne dans laquelle la valeur veut être changée. Dans notre cas la valeur à changer se trouve dans la colonne correspondant à la constante NUM_CDE_ACHAT_ARISTOTE. Dans ce cas nous ouvrons par le biais de notre objet XHR et par sa fonction open() une connexion avec le serveur. Il s’agit dans notre cas d’une requête de type POST, qui pointe vers la méthode d’action “changeNumCdeAchatAristote” (c’est elle qui va se charger de persister la nouvelle donnée en base) et qui sera asynchrone. On définit ensuite le header à envoyer avec notre requête grâce à la fonction setRequestHeader(). Il nous suffit enfin d’utiliser la fonction send() à laquelle on passe le numéro de la ligne et la nouvelle valeur a entrer dans le tableau pour que la requête soit envoyée et exécutée de manière asynchrone.<br/><br/><img class="alignnone size-full wp-image-28" alt="img111" src="/eportfolio/resources/images/ajax/img5.png" width="410" height="203" /><br/><br/><h4>Conclusion :</h4>L’AJAX a été mis en place dans cet exemple. Il est donc maintenant possible de recharger une partie unique du tableau sans avoir à recharger toute la page. Ce projet m’a donc permis d’apprendre et de mettre en œuvre ce concept qui est professionnel et incontournable.\r\n', 'TSLAP : premiers pas avec l''Ajax', 0),
(4, '<h1>Le problème :</h1><p>  Au cour du développement de l''''application du tableau de suivi de livraison pour Atoll Palme (TSLAP pour les intimes), il a fallu initialiser la base de données à travers un fichier csv fourni et permettre cette option pour   l''''administrateur du site au premier lancement d'' l''''application.<br/>  Pour ce faire, il faut gérer plusieurs cas :  <ul>    <li>Avoir le bon nombres d''''arguments sur une ligne</li>    <li>Ne pas insérer des lignes vides</li>    <li>Vérifier que les paramètres obligatoires sont renseignés</li>  </ul></p><h1>Récupérer le chemin du fichier</h1><p>  Pour ce faire, il faut créer un fichier java ayant 2 attributs (nom du type String et file du type CommonsMultipartFile). La valeur de l''''attribut file est le plus important, grâce à la méthode "getOriginalFilename",   on a le nom du fichier.<br/>  <img src="/eportfolio/resources/images/tslap/formImport_file.png" alt="formImport_file.png"/><br/>  Le fichier sélectionné est sauvegardé dans le dossier temporaire du client d''''où la ligne : <br/>  String filePath = System.getProperty("java.io.tmpdir") + File.separatorChar + form.getFile().getOriginalFilename();<br/>  <ul>    <li>System.getProperty("java.io.tmpdir") : chemin du dossier temporaire</li>    <li>File.separatorChar : Caractère de séparation dans un chemin</li>    <li>form.getFile().getOriginalFilename() : nom du fichier</li>  </ul>  On utilise un BufferedReader couplé à la méthode "getLigne" afin de gérer les 2 premiers cas énoncés plus haut.<br/>  <img src="/eportfolio/resources/images/tslap/code_importCsv_lecture_file.png" alt="code_importCsv_lecture_file.png"/></p><p>  Côté code source, il est nécessaire de créer un formulaire avec en paramètre un type enctype="multipart/form-data" et un champs input de type file.<br/>  <img src="/eportfolio/resources/images/tslap/code_form_importCsv.png" alt="code_form_importCsv.png"/><br/>  En voici l''''aperçu initial :<br/>  <img src="/eportfolio/resources/images/tslap/boite_dialog_import_csv.png" alt="boite_dialog_import_csv.png"/><br/>  Aperçu avec un fichier sélectionné : <br/>  <img src="/eportfolio/resources/images/tslap/boite_dialog_import_csv_file_select.png" alt="boite_dialog_import_csv_file_select.png"/><br/>  Ensuite, pour permettre à l''''administrateur de pouvoir sélectionner un fichier et d''''utiliser le formulaire vu au-dessus, on a créé un bouton accessible uniquement à celui-ci.<br/>  <img src="/eportfolio/resources/images/tslap/code_bouton_importCsv.png" alt="code_bouton_importCsv.png"/><br/>  L''''ouverture du formulaire est possible grâce à une fonction jquery qui utilise la méthode dialog("open").<br/>  <img src="/eportfolio/resources/images/tslap/code_js_boite_dialog_importCsv_part2.png" alt="code_js_boite_dialog_importCsv_part2.png"/><br/>  Cela permet d''''utiliser la fonction dialog personnalisé. Celle-ci ouvre le formulaire vu au-dessus et créer 2 boutons (Envoyer et Annuler).<br/>  <img src="/eportfolio/resources/images/tslap/code_js_boite_dialog_importCsv_part1.png" alt="code_js_boite_dialog_importCsv_part1.png"/><br/>  Lors du clique sur le bouton "Envoyer", cela ouvre une image de chargement qui reste visible le temps de l''''import et envoi le formulaire sur la méthode "importCsv".<br/>  <img src="../../../img/tslap/code_affichage_boite_chargement.png" alt="code_affichage_boite_chargement.png"/><br/>  <img src="/eportfolio/resources/images/img/tslap/chargement_import_csv.png" alt="chargement_import_csv.png"/><br/></p><h1>Insertion des données</h1><p>  L''''insertion complète des données s''''effectue en plusieurs étapes : <br/>  <ul>    <li>Après récupération d''''une ligne, on la sépare en tableau de String en effactuant un slit sur le ";"</li>    <li>Création des différents Objets avec les paramètres du fichier envoyé</li>    <li>Une fois le tout envoyés dans la base de données, on passe à la ligne suivante</li>  </ul>  <img src="./eportfolio/resources/images/tslap/code_importCsv_create_etats&role.png" alt="code_importCsv_create_etats&role.png"/><br/>  <img src="/eportfolio/resources/images/tslap/code_importCsv_insert_donnees_1.png" alt="code_importCsv_insert_donnees_1.png"/><br/>  <img src="/eportfolio/resources/images/tslap/code_importCsv_insert_donnees_2.png" alt="code_importCsv_insert_donnees_2.png"/><br/>  <img src="/eportfolio/resources/images/tslap/code_importCsv_insert_donnees_3.png" alt="code_importCsv_insert_donnees_3.png"/><br/></p>\r\n', 'TSLAP : import de données au format CSV', 0),
(5, '\r\n<p>Au cour du projet tslap, nous devions impl&eacute;menter un plugin cot&eacute; client permettant la gestion dynamique de tableau de données, aucune condition n''&eacute;tait alors impos&eacute;e.</p>\r\n<p><span style="color: #008000;"><em>Comment choisir le bon ?</em></span></p>\r\n<p><span style="color: #008000;"><span style="color: #000000;">La premi&egrave;re &eacute;tape a &eacute;t&eacute; la recherche g&eacute;n&eacute;rale des plugins existants, </span></span>au fil des recherches, nos besoins s''affinaient. L''&eacute;dition des cellules multiplent ou non, l''&eacute;largissement automatique ou manuel des colonnes du tableau, le trie et les filtres mis en place sur les colonnes et/ou cellules, etc..</p>\r\n<p>Rapidement, nous en choisissions 3 r&eacute;pondant chacun &agrave; nos besoins &eacute;volutifs de mani&egrave;re plus ou moins complexe dans leur mise en phase de test. Chacun d''entre nous s''est vue responsabilis&eacute; &agrave; implémenter un des plugins pr&eacute;-s&eacute;lectionn&eacute;s et en &eacute;tudier les possibilit&eacute;s.</p>\r\n<p>Voici le protocole &agrave; respecter pour chacun d''eux :</p>\r\n<ul>\r\n<li>Importer le plugin dans le projet </li>\r\n<li>Mettre en place la démo propos&eacute;e </li>\r\n<li>Analyser les possibilit&eacute;es du plugin </li>\r\n<li>Comparaison aux autres plugins &eacute;tudi&eacute;s *</li>\r\n<li>Choix de la poursuite du developpement avec celui-ci *</li>\r\n</ul>\r\n<p>Les &eacute;tapes suivit d''une &eacute;toile (*) sont des &eacute;tapes faites en commun avec les autres plugins, nous les avons donc r&eacute;alis&eacute;e ensemble.</p>\r\n<br/>\r\n<p><em>Quentin:</em></p>\r\n<p>Plugin &eacute;tudi&eacute; : <strong>Handsontable Grid Editor</strong></p>\r\n<ol> </ol>\r\n<p>Raisons de sa pr&eacute;-s&eacute;lection :&nbsp;</p>\r\n<ol>\r\n<li>Grande ressemblance visuelle et fonctionnelle avec Excel</li>\r\n<li>Mise en phase de test simplifi&eacute; par une documentation compl&egrave;te</li>\r\n<li>Fonctionnalit&eacute;es int&eacute;ressantes comme l''&eacute;dition des cellules simple ou multiple en AJAX</li>\r\n<li>Communaut&eacute; importante proposant une aide éventuelle </li>\r\n</ol>\r\n<p><br />Site officiel :&nbsp; <a href="http://handsontable.com/">http://handsontable.com/</a></p>\r\n<p><span style="text-decoration: underline;"><strong>Fonctionnalit&eacute;s:</strong></span></p>\r\n<p>Ce tableur JS s''accompagne de plusieurs options bien pratiques:</p>\r\n<ul>\r\n<li> G&eacute;n&eacute;ration du tableur</li>\r\n<li> Ajout de cases de l&eacute;gendes pour les colonnes (avec choix des couleurs, polices...)</li>\r\n<li> Autocompl&eacute;tion des donn&eacute;es en cours de saisie</li>\r\n<li> Scrollbars pour naviguer dans le tableur</li>\r\n<li> Drag down d''une case sur une ou plusieurs autres (duplique la valeur de la case sur les autres)</li>\r\n<li> Contexte menu, qui apparaît au clic gauche sur une case pour proposer plusieurs actions (insertions de lignes, colonnes...)</li>\r\n<li> Callback apr&egrave;s saisie des donn&eacute;es sur une case</li>\r\n<li> Et plus encore, avec des conditions pour jouer sur l''affichage des donn&eacute;es (ex: couleurs rouges pour les chiffres n&eacute;gatifs, vertes pour les chiffres positifs...)</li>\r\n</ul>\r\n<p><span style="text-decoration: underline;"><strong><br /></strong></span></p>\r\n<p><span style="text-decoration: underline;"><strong>Utilisation:</strong></span></p>\r\n<p>Le plugin est assez simple d''utilisation: tout d''abord vous g&eacute;n&eacute;rez votre tableau sur l''&eacute;l&eacute;ment HTML voulu, en pr&eacute;cisant son nombre de lignes et colonnes et les options &agrave; appliquer dessus.</p>\r\n<p>Ensuite, vous d&eacute;clarez un array contenant les valeurs de chaque champ.</p>\r\n<p>Enfin, vous remplissez ("hydrate") votre tableur avec les donn&eacute;es contenues dans le array (si votre tableur n''est pas vierge &eacute;videmment !).</p>\r\n<p>&nbsp;</p>\r\n<p><span style="text-decoration: underline;"><strong>D&eacute;monstration:</strong></span></p>\r\n<p>Pour illustrer tout &ccedil;a, rien de tel qu''un exemple:</p>\r\n<p>\r\n<table style="height: 306px;" border="0" width="340">\r\n<tbody>\r\n<tr>\r\n<td>&lt;div id="tableur" class="dataTable"&gt;&lt;/div&gt;\r\n<p>&lt;script&gt;<br /> $("#tableur").handsontable({<br /> rows: 5,<br /> cols: 5,<br /> minSpareCols: 1,<br /> minSpareRows: 1,<br /> contextMenu: true<br /> });</p>\r\n<p>var data = [<br /> ["", "Djo", "Ouark", "Skwi", "Sybio"],<br /> ["2008", 10, 11, 12, 13],<br /> ["2009", 20, 11, 14, 13],<br /> ["2010", 30, 15, 12, 13]<br /> ];</p>\r\n<p>$("#tableur").handsontable("loadData", data);<br />&lt;/script&gt;</p>\r\n</td>\r\n</tr>\r\n</tbody>\r\n</table>\r\n</p>\r\n<p><span style="text-decoration: underline;"><strong>Le r&eacute;sultat:</strong></span></p>\r\n<p><img src="http://www.lafermeduweb.net/images/billets/2012-06/.orig/handsontable-tableur-demo2.jpg" alt="resultat" width="355" height="111" /></p>\r\n<br/>\r\n<p><span style="text-decoration: underline;"><strong><br /></strong></span></p>\r\n<p><em>Antoine :</em></p>\r\n<p>J''ai personnellement effectu&eacute; l''&eacute;tude du plugin DHTMLX (<a href="http://dhtmlx.com/docs/products/dhtmlxGrid/index.shtml">site officiel</a>). A premi&egrave;re vu le plugin semble complet et permet notamment de mettre en place un tableau éditable par double clique sur une cellule. Je me suis donc, dans un premier temps lance&eacute; dans le tutoriel concernant le plugin en g&eacute;n&eacute;ral (<a href="http://docs.dhtmlx.com/doku.php?id=tutorials:tut_quickstart">tutoriel</a>). Ce tutoriel &eacute;tait r&eacute;dig&eacute; pour le PHP mais me permettrait de comprendre les base de l''impl&eacute;mentation du plugin. Une fois le tutoriel bien avanc&eacute; j''ai d&eacute;cid&eacute; de me recentr&eacute; et essay&eacute; de mettre en place cette technologie pour le JAVA et donc dans notre projet (<a href="http://docs.dhtmlx.com/doku.php?id=dhtmlxconnectorjava:init">tutoriel JAVA</a>). L''int&eacute;gration du plugin n''a pas &eacute;t&eacute; imm&eacute;diate pusiqu''il a fallu l''adapt&eacute; &agrave; la structure de notre projet Spring Roo. C''est d''ailleurs d''ici qu''est venu son principal probl&egrave;me : la connexion &agrave; la base de donn&eacute;es via le JAVA Connector. En effet celui ci n&eacute;cessite de cr&eacute;er une connexion &agrave; la base via le service JDBC. Cependant l''application poss&egrave;de d&eacute;j&agrave; via Spring son propre syst&egrave;me de connexion. Ce type de connexion repr&eacute;sente donc d''une part une faille de s&eacute;curit&eacute; potentiel et ne respecte pas les couches de l''application.</p>\r\n<br/>\r\n<p><em>Florian:</em></p>\r\n<p>J''ai travaill&eacute; sur le plugin <a href="http://datatables.net/" target="_blank">DataTable</a> &eacute;cris gr&acirc;ce &agrave; la librairie JQuery et qui permet de g&eacute;rer simplement les tables HTML. Il s''agit d''un outil tr&egrave;s souple, fond&eacute;e sur les bases de l''am&eacute;lioration progressive, qui va ajouter des contr&ocirc;les d''interaction avanc&eacute;es &agrave; une table HTML.</p>\r\n<p>Ce plugin est facile d''int&eacute;gration, il n&eacute;cessite une seule ligne de code :</p>\r\n<p>$(document).ready(function() {<br /><span style="display:block;text-indent:20px;">$(''#exempleTable'').dataTable();<br />});</span></p>\r\n<p>Celui-ci dispose de fonctionnalit&eacute;s int&eacute;ressantes tel qu''une navigation fluide gr&acirc;ce au syst&egrave;me de pagination, recherche et tri.<br />Il est possible de charger les donn&eacute;es en AJAX si les donn&eacute;es du tableau sont trop volumineuse avec la gestion de la pagination, des tris et de la recherche qui peut &ecirc;tre r&eacute;alis&eacute; c&ocirc;t&eacute; serveur (utilisation du format JSON).<br />Et aussi d''exporter les donn&eacute;es de la table sous divers formats (PDF, CVS, XLS, aper&ccedil;u avant impression...) avec la possibilit&eacute; de choisir les colonnes &agrave; exporter.<br />Il est personnalisable gr&acirc;ce aux diff&eacute;rents th&egrave;mes disponibles sur le site de <a href="http://jqueryui.com/" target="_blank">JQueryUI</a>.<a href="http://jqueryui.com/" target="_blank"><br /></a></p>\r\n<p>&nbsp;</p>\r\n<p><h4>Solution retenue:</h4></p><p>Après comparaison des ces trois plugins, nous avons décidé de garder celui étudié par Florian. En effet le plugin étudié par Antoine ne respectant pas la structure même du projet nous avons décidé de ne pas le retenir. Le choix c''est donc fait entre le plugin étudié par Quentin et celui étudié par Florian. Le plugin de Quentin c''est avéré complet mais complexe à retoucher. La moindre modification du plugin nécessitait de rentrer dans le code même du plugin qui n''était pas très accessible. Nous avons donc retenue la solution étudiée par Florian qui consistait à produire une partie du plugin soit même et à rajouter certaine fonctionnalité grâce au plugin DataTable.</p>', 'TSLAP : comparaison de plugins', 0),
(6, '<p><h4> Contexte </h4></p>\r\n<p>Etudiants en seconde année de BTS « Service Informatique aux Organisations » option « développement d''application » au lycée Léonard de Vinci à Melun, j''ai, avec mes deux collègues, mené de nombreux projets. Et c''est au sein de ce second stage que nous avons pris part au développement d''une nouvelle application web. Cette mission avait pour but de rendre accessible, via une application web, la gestion de suivis des commandes de l''entreprise Atoll Palme. Pour ce faire, nous avons utilisé les technologies vues en cours, à savoir le Framework SPRING et l''outil de développement SPRING ROO. Nous vous renvoyons sur le site internet de <a href="http://www.springsource.org/spring-framework">SPRING : Framework SPRING</a>. Afin de pouvoir travailler en commun sur la même application nous l''avons montée sur la plateforme de gestion de version <a href="http://www.github.com">Github</a>. Puis nous avons créée, pour notre organisation, un tableau de tâches sur <a href="https://www.trello.com">Trello</a>.</p>\r\n<img src="/eportfolio/resources/images/tslap/login_admin.png"/>\r\n<p><h4> La Société Atoll Palme</h4></p>\r\n<p>En quelques mots\r\nATOLL PALME est une société française de « Commerce de Gros » inter-entreprise  dans le domaine du textile et de la joaillerie qui possède le statut juridique de SARL.\r\nQui sont-ils ?\r\n\r\nGilles Poupard Directeur Général des marques de prêt-à-porter et d''accessoires\r\nde mode ATOLL et PALME a créé la société ATOLL en 1981 et a commencé\r\nà diffuser les produits jeune ethnique à des prix très attractifs sur la Côte d''Azur.\r\n\r\nAprès une forte croissance et une certaine réussite, la société se structure\r\nà partir des années 1990 pour répondre à la demande des centrales d''achat\r\net des détaillants.\r\n\r\nGilles Poupard développe une expertise dans le domaine\r\ndu SOURCING Textile de l''Indonésie à la Chine en passant par l''Inde, le Népal,\r\nles Philippines, l''Équateur, le Pérou.\r\n\r\nLa société développe des relations privilégiées avec des économies artisanales \r\ndans chacun des pays cités par le développement de la production d''articles de mode\r\nà fortes valeurs ajoutées.\r\n\r\nAu cours de ces années, Gilles Poupard a développé le concept\r\nde «home industry» et propose dans ses collections de prêt-à-porter\r\net d''accessoires de mode des produits authentiques et très tendances.\r\n\r\nSite internet Atoll Palme\r\n</p>', 'TSLAP : contexte', 0),
(7, '<h4>Sommaire</h4>\r\n<ul>\r\n	<li><a href="#se_connecter">Se connecter</a></li>\r\n	<li><a href="#tableau_suivis">Interface</a></li>\r\n	<li><a href="#creation">Créer une commande</a></li>\r\n	<li><a href="#edition">Editer une commande</a></li>\r\n</ul>\r\n<br/>\r\n<h4 id="se_connecter">Se connecter</h4>\r\n<p>Une fois l''application lancée vous arriverez directement sur la page de login de l''application. Renseigner alors votre login dans le champ "login" et votre mot de passe dans le champs "Mot de passe". Ce mot de passe vous sera fourni par l''administrateur lors de la mise en production de l''application.</p>\r\n<img src="/eportfolio/resources/images/tslap/login_admin.png"/>\r\n<br/>\r\n<br/>\r\n<h4 id="tableau_suivis">Le tableau de suivis de commandes </h4>\r\n<p> Une fois connecté, vous arriverez sur la page principale de l''application : le tableau de suivis de commandes. Ce tableau regroupe, initialement, les livraisons vous concernant.</p>\r\n\r\n<img src="/eportfolio/resources/images/tslap/tableau_docu.png"/>\r\n<ul>\r\n	<li>1 : bouton pour accéder à l''interface de création d''une nouvelle commande.</li>\r\n	<li>2 : bouton permettant d''afficher uniquement les suivis vous concernant.</li>\r\n	<li>3 : liste permettant d''afficher les suivis des autres utilisateurs.</li>\r\n	<li>4 : liste permettant d''afficher les suivis par date.</li>\r\n	<li>5 : liste permettant d''afficher les suivis par client.</li>\r\n	<li>6 : liste permettant d''afficher les suivis par état.</li>\r\n	<li>7 : boutons d''option permettant l''export des données du tableau sous différents formats, l''impression.</li>\r\n	<li>8 : liste permettant de gérer le nombre de suivis affichés par page dans le tableau.</li>\r\n	<li>9 : champs permettant d''effectuer une recherche sur les suivis déjà affichés.</li>\r\n	<li>10 : bouton permettant d''accéder à plusieurs options de filtrage sur les suivis déjà affichés.</li>\r\n	<li>11 : options de pagination</li>\r\n	<li>12 : possibilité de cliquer sur une en-tête de colonne pour trier les suivis par ce critère.</li>\r\n	<li>13 : bouton de déconnexion</li>\r\n</ul>\r\n<br/>\r\n<h4 id="creation">Créer une nouvelle commande</h4>\r\n<p>Pour créer une nouvelle commande cliquez sur le bouton "Créer un nouveau suivi de commande". Renseignez ensuite les champs et valider la création en cliquant sur le bouton "Créer le suivi" en bas de la fenêtre. Si vous souhaitez annuler la création cliquez sur le bouton "Annuler".</p>\r\n<img src="/eportfolio/resources/images/tslap/creer_docu.png"/>\r\n<br/>\r\n<h4 id="edition">Editer une cellule du tableau</h4>\r\n<p>Pour éditer une cellule du tableau double cliquez sur celle-ci. La cellule s''agrandi alors et un éditeur de texte apparaît. Vous pouvez via les options de l''éditeur formater votre texte. Afin de valider la modification de la cellule, un simple clique sur <b>une autre</b> cellule suffit.</p>\r\n<img src="/eportfolio/resources/images/tslap/editer_docu.png"/>\r\n', 'TSLAP : guide utilisateur', 0),
(8, '<h4>Démarche</h4>\r\n<p>Au cours de mon stage de deuxième année de BTS, mon équipe et moi, sommes aller à la rencontre du client afin de lui présenter un premier prototype de l''application. Nous avons dans un premier temps présenté l''application au responsable informatique de la société Atoll Palme. Nous avons ensuite invité différents utilisateurs potentiels à utiliser l''application devant nous pour nous permettre d''avoir leur impression en direct et de voir si l''application respectait bien un soucis d''ergonomie et de simplicité d''utilisation.</p>\r\n<p>Après une utilisation brève mais complète, les utilisateur nous on donner leurs impressions, leurs remarques et leur avis général sur le prototype de l''application. Avec l''équipe nous avons donc établie un nouveau cahier des charges en prenant en compte les remarques des utilsiateurs. Voici ce qui en est resorti : <a href="/eportfolio/resources/images/tslap/tslap_feedback.pdf">feedback</a></p>\r\n<br/>\r\n<h5>résumé :</h5>\r\n<ul>\r\n	<li>Des problèmes de temps de chargement un peu long ont obligé à rafraîchir plusieurs fois la page tableau (pas toujours fonctionnel). À voir de plus près... Mettre un waiting dialog ?\r\n	</li>\r\n	<li>Changer le libellé du bouton : «créer un nouveau suivi » par « créer un nouveau suivi de commande »</li>\r\n	<li>L''Internet Explorer de l''entreprise ne semble pas accepter certaines fonctionnalités comme la présentation dynamique de champ de saisi... </li>\r\n	<li>Proposer en entête des filtres courants : « mes suivis », « autre utilisateur » (liste) et aussi : « inf. à 2 mois », « inf. à 1 an »... , « client », « etat »</li>\r\n	<li>Ajouter état « archivé » : attention cet état ne doit pas écrasé les autres.</li>\r\n	<li>Mettre en place l''upload de fichiers sur la dernières colonnes du tableau. Cela concerne les bons emmargés, et  la commande origine du client et prévoir (côté application serveur) un dossier de sauvegarde par année ?</li>\r\n</ul>\r\n<br/>\r\n<p>La présentation du prototype de l''application nous a permis d''avoir un premier avis du client sur notre travail. Cela nous a aidé à mieux cerner sa façon d''apréhender l''application, nous permettant ainsi de corriger l''interface utilisateur de manière à le satifaire au maximum. Il nous a donc été possible de redéfinir un cahier des charges tenant compte de ses attentes et nous recentrer sur l''essentiel.</p>', 'TSLAP : feedback', 0),
(9, '<p>Afin de réaliser notre projet convenablement, il nous a été nécessaire, à mon équipe et moi même, de mettre en place différents systèmes de veilles technologiques afin de rester informé des dernières évolutions et mises à jours des technologies que nous utilisions.</p>\r\n<p>Notre principal source d''informations concernant le framework Spring Roo était son site officiel (<a href="http://www.springsource.org/news-events">Spring Roo News</a>) sur lequel était disponible les dernière nouvelles concernant le framework : nous nous interessions plus particulièrement au posts intitulés "THIS WEEK IN SPRING" qui nous permettait de rapidement savoir si une nouveauté était apparue sur.</p>\r\n<img src="/eportfolio/resources/images/spring_veille.jpg" alt="sping this week"/>\r\n', 'TSLAP : veille technologique', 0),
(10, '<h3>Rappel du contexte:</h3>\r\n\r\n<p>L''entreprise DUNORD est une TPE (très petite entreprise) d''une quinzaine d''employés produisant des jouets.</p>\r\n<p>Elle est composée de 3 services principaux :\r\n<ul><li>Service administratif</li>\r\n<li>Service commercial</li>\r\n<li>Service production</li></p>\r\n<p>Cette entreprise a fait appel à nous étudiants, afin de produire une solution permettant une accelération du processus de déclaration de panne dans son entreprise.</p>\r\n<p>Antérieurement à notre intervention, la secretaire devait, lors d''un signalement de panne d''un matériel, noter sur une feuille volante la nature de l''accident. Cette note servait a indiquer au prestataire extérieur le problème qui allait intervenir sur la panne déclarée.</p>\r\n<p>La demande faite, par l''intermédiaire d''un cachier des charges précis, était de mettre a disposition de l''entreprise un outil permettant d''archiver les incidents et leur situation (résolu, en cours de traitement, non traité, définitivement en panne).</p>\r\n<p>La contrainte était d''utiliser un tableur proposant un code couleur automatique en fonction de la situation de la panne.</p><br/>\r\n<h3>La proposition de l''amélioration de service</h3>\r\n<p>Comme résumé dans le rappel du contexte, une contrainte figurant dans le cahier des charges était d''utiliser un tableur, celui-ci étant familier de la secrétaire qui s''en servirait l''apprentissage d''un nouvel outils ne serait pas necessaire. De plus les coûts imposés dans le cachier des charges limitaient l''ouverture aux différentes solutions envisageable.</p>\r\n<p>Voici une rapide présentation de ce que l''on a pu produire pour cette entreprise:\r\n<img src="/eportfolio/resources/images/dunord/dunord1.gif"/><img src="/eportfolio/resources/images/dunord/dunord2.gif"/><br/>\r\nLe cahier des charges était alors respecté et une accélération de processus cible était visible.</p>\r\n<p>Au terme de cette mission, réalisé pour l''entreprise Dunord, un échange avec le dirigeant de l''entreprise cliente à été engagé, sous la forme de notes de services.\r\n<p>Dans cette premiere note, la confirmation d''éxécution des taches demandées est accompagnée d''inquiétudes liées a ce nouveau processus, ainsi une ouverture vers une autre solution à été exposée.</p>\r\n<p>En voici les arguments:\r\nla nouvelle gestion informatisé des pannes entraine la génération de nouvelles statistiques plus ou moins interressantes. Un traitant plus poussé de ces statistiques devrait être mis en place afin de mieux cibler les coûts engendrés par la réparation du matériel deffectueux par exemple.\r\nCette dématérialisation de la traçabilité des pannes structure ce processus de suivis des pannes. La déclaration de panne peut être réalisée par n''importe quel salarié de l''entreprise. Cependant, le salarié doit systématiquement passer par la secrétaire. Le processus serait allégé si chacun pouvait déclarer ces pannes.</p>\r\n<p>Amélioration du service proposé:\r\nla contrainte rencontrée a cette étape a été de proposer une nouvelle solution répondant aux inquétudes soulevées tout en s''éloignant un minimum du premier cachier des charges, cela afin d''optimiser les chances d''acceptions du nouveau projet par Mr Dunord, Dirigeant de sa société.\r\nLa solution proposée aux travers ces notes de services, a été le developpement d''une application web intranet à l''entreprise connectée à une base de données, permettant le stockages des pannes.</p>\r\n\r\n\r\n<p>Avantage :\r\nChaque employé de l''entreprise peut déclarer une panne à distance (gain de temps)\r\nLes statistiques possible sur la base de données sont illimitées, contournant ainsi les lacunes du tableur en production.\r\nUne automatisation importante du processus est envisageable (gain de temps égalment)\r\nInconvénient:\r\nLégère augmentation du coût de production\r\nPerte du support famillié de la secrétaire (le tableur)\r\nConclusion\r\nJ''ai donc pu dans la démarche de restitution d''un travail éffectué suivant un cahier des charges précis, proposer une ouverture étudiée préablement afin d''améliorer un service.</P>', 'DUNORD : amélioration de service', 0),
(11, '<h3>GeTAP</h3>\r\n<p>Notre mission au sein de cette équipe de développement était de réaliser une application web permettant à un établissement scolaire type « lycée » de pouvoir recenser l’ensemble des heures d’aide d’accompagnement effectuées par les élèves.  Notre tuteur nous avait posé la structure de l’application mais tout restait à faire (Création du schéma relationnel de la base de données, fonctionnalités propre à l’application du client ...). </p><p> L’équipe se constituait de 4 développeurs : notre tuteur et trois stagiaires dont moi-même.\r\nLe premier jour fut une journée « mise en place » ou nous avons pris connaissance de l’environnement de travail et commencé à mettre en place notre méthode de travail avec notre tuteur. Suite à une première rencontre en contexte professionnel avec le client, et avec l’aide de notre tuteur, nous avons rapidement établi une première check-list qui constituait les dernières tâches à réaliser afin de finir le prototype de l’application. Tous les midis nous faisions une petite réunion pour faire un topo sur l’avancement de la check-list, l’équipe se répartissait les tâches et se fixait les objectifs qu’elle allait réaliser l’après-midi. Le matin nous terminions les tâches de la veille si elles n’étaient pas finit, où nous mettions en place les modules les plus simples comme par exemple le design. Cette organisation nous permettait le matin de se remettre dans le projet assez facilement, et le soir de faire une pose au milieu des tâches les plus complexes lorsque celles-ci n’étaient pas bouclées. Tout au long du stage, plusieurs réunions ont eu lieu avec le client afin de toujours construire l’application selon ses besoins. Une présentation de la première version fonctionnelle de l’application  a été faite par notre équipe devant le client et une partie des utilisateurs potentiels.</p>\r\n', 'GeTAP : contexte', 0);
INSERT INTO `article` (`id`, `detail`, `nom`, `version`) VALUES
(12, '<h3>Contexte</h3>\r\n<p>Le travail en mode projet fut nécessaire à la réalisation du projet TSLAP (<a href="{{ path(''portfolio_voir'', {''id'': 6 }) }}">Contexte</a>) développé majoritairement en télétravail. En effet, afin d''augmenter notre productivité, une organisation rigoureuse et des outils de travaux collaboratifs étaient de mise. Chaque développeur connaissait ses missions, et rendait compte de son travail chaque lundi lorsque l''équipe se retrouvait avec le tuteur pour faire un "briefing" pour la semaine.</p>\r\n<ul>\r\n	<li><a href="#github">GitHub</a></li>\r\n	<li><a href="#trello">Trello</a></li>\r\n	<li><a href="#skype">Skype</a></li>\r\n</ul>\r\n<br/>\r\n<h3 id="github">GitHub</h3>\r\n<p>Lien vers le site officiel : <a href="https://www.github.com/">GitHub</a></p>\r\n<p>GitHub est un service web d''hébergement et de gestion de développement de logiciels, utilisant le programme Git (logiciel de gestion de versions décentralisé). Un logiciel de gestion de versions est un logiciel qui permet de stocker un ensemble de fichiers en conservant la chronologie de toutes les modifications qui ont été effectuées dessus. Il permet notamment de retrouver les différentes versions d''un lot de fichiers connexes. Alors que le système traditionnel open source amène chaque contributeur à télécharger les sources du projet et à proposer ensuite ses modifications à l’équipe du projet, Github repose sur le principe du fork par défaut : toute personne peut faire un clone du projet en local pour en devenir le leader et le développer de son côté.</p>\r\n<p><img src="/eportfolio/resources/images/github.png"/></p>\r\n<br/>\r\n<h3 id="trello">Trello</h3>\r\n<p>Lien vers le site officiel : <a href="https://www.trello.com/">Trello</a></p>\r\n<p>Trello est un gestionnaire de listes collaboratif 100 % Web, il est idéal pour la gestion et le suivi des projets dont les tâches sont confiées à des ressources distantes géographiquement. Le principe de Trello est ultra-simple : fournir à une équipe dispatchée géographiquement un environnement unique et centralisé pour visualiser l’état des tâches de son projet. L’environnement en question, en l’occurrence un simple tableau, devient accessible à tout moment de n’importe où grâce à Internet.</p>\r\n<p><img src="/eportfolio/resources/images/Trello_1.GIF"/></p>\r\n<br/>\r\n<h3 id="skype">Skype</h3>\r\n<p>Lien vers le site officiel : <a href="http://www.skype.com/fr/"></a></p>\r\n<p>Skype est un logiciel qui permet aux utilisateurs de passer des appels téléphoniques via Internet. Les appels d’utilisateur à utilisateur sont gratuits. Il existe des fonctionnalités additionnelles comme la messagerie instantanée, le transfert de fichiers et la visioconférence ou encore le partage d''écran.</p>\r\n<p><img src="/eportfolio/resources/images/skype.jpg"/></p>\r\n\r\n<h3>Organisation</h3>\r\n<p>Dans un premier temps nous avons donc initialisé le projet sur GitHub afin de pouvoir accéder au projet de n''importe quel lieu de travail. En effet, le projet a été réalisé principalement en télétravail. Afin d''être un maximum productif nous avons ensuite mis en place un tableau de tâche sur Trello afin d''organiser les différentes missions relatives au projet. Nous nous sommes ensuite servi du logiciel Skype afin de pourvoir travailler ensemble et d''effectuer du pair-programming (via le partage d''écran mis à disposition.</p>', 'TSLAP : travail en mode projet', 0);

-- --------------------------------------------------------

--
-- Structure de la table `competence`
--

CREATE TABLE IF NOT EXISTS `competence` (
  `id` bigint(20) NOT NULL AUTO_INCREMENT,
  `categorie` varchar(200) NOT NULL,
  `nom` varchar(200) NOT NULL,
  `reference` varchar(200) NOT NULL,
  `version` int(11) DEFAULT NULL,
  PRIMARY KEY (`id`)
) ENGINE=InnoDB  DEFAULT CHARSET=latin1 AUTO_INCREMENT=57 ;

--
-- Contenu de la table `competence`
--

INSERT INTO `competence` (`id`, `categorie`, `nom`, `reference`, `version`) VALUES
(1, '-Situation obligatoire', 'Participation à un projet d''évolution d''un SI (Solution applicative et d''infrastructure portant prioritairement sur le domaine de spécialité du candidat)', 'A', 0),
(2, '-Situation obligatoire', 'Prise en charge d''incidents et de demandes d''assistance liés au domaine de spécialité du candidat', 'B', 0),
(3, '-Situation obligatoire', 'Elaboration de documents relatifs à la production et à la fourniture de services', 'C', 0),
(4, '-Situation obligatoire', 'Productions relatives à la mise en place d''un dispositif de veille technologique et à l''étude d''une technologie, d''un composant, d''un outil ou d''une méthode', 'D', 0),
(9, 'D1.1 - Analyse de la demande', 'Analyse du cahier des charges d''un service à produire', 'A1.1.1', 0),
(10, 'D1.1 - Analyse de la demande', 'Étude de l''impact de l''intégration d''un service sur le système informatique', 'A1.1.2', 0),
(11, 'D1.1 - Analyse de la demande', 'Étude des exigences liées à la qualité attendue d''un service', 'A1.1.3', 0),
(12, 'D1.2 - Choix d''une solution', 'Élaboration et présentation d''un dossier de choix de solution technique', 'A1.2.1 ', 0),
(13, 'D1.2 - Choix d''une solution', 'Rédaction des spécifications techniques de la solution retenue', 'A1.2.2', 0),
(14, 'D1.2 - Choix d''une solution', 'Évaluation des risques liés à l''utilisation d''un service ', 'A1.2.3', 0),
(15, 'D1.2 - Choix d''une solution', 'Détermination des tests nécessaires à la validation d''un service', 'A1.2.4', 0),
(16, 'D1.2 - Choix d''une solution', 'Définition des niveaux d''habilitation associés à un service ', 'A1.2.5', 0),
(17, 'D1.3 - Mise en production d’un service', 'Test d''intégration et d''acceptation d''un service ', 'A1.3.1 ', 0),
(18, 'D1.3 - Mise en production d’un service', 'Définition des éléments nécessaires à la continuité d''un service ', 'A1.3.2', 0),
(19, 'D1.3 - Mise en production d’un service', 'Accompagnement de la mise en place d''un nouveau service ', 'A1.3.3', 0),
(20, 'D1.3 - Mise en production d’un service', 'Déploiement d''un service ', 'A1.3.4', 0),
(21, 'D1.4 - Travail en mode projet', 'Participation à un projet ', 'A1.4.1 ', 0),
(22, 'D1.4 - Travail en mode projet', 'Évaluation des indicateurs de suivi d''un projet et justification des écarts ', 'A1.4.2', 0),
(23, 'D1.4 - Travail en mode projet', 'Gestion des ressources ', 'A1.4.3', 0),
(24, 'D2.1 - Exploitation des services', 'Accompagnement des utilisateurs dans la prise en main d''un service ', 'A2.1.1', 0),
(25, 'D2.1 - Exploitation des services', 'Évaluation et maintien de la qualité d''un service ', 'A2.1.2', 0),
(26, 'D2.2 - Gestion des incidents et des demandes d’assistance', 'Suivi et résolution d''incidents ', 'A2.2.1', 0),
(27, 'D2.2 - Gestion des incidents et des demandes d’assistance', 'Suivi et réponse à des demandes d''assistance ', 'A2.2.2', 0),
(28, 'D2.2 - Gestion des incidents et des demandes d’assistance', 'Réponse à une interruption de service ', 'A2.2.3', 0),
(29, 'D2.3 - Gestion des problèmes et des changements', 'Identification, qualification et évaluation d''un problème ', 'A2.3.1', 0),
(30, 'D2.3 - Gestion des problèmes et des changements', 'Proposition d''amélioration d''un service ', 'A2.3.2', 0),
(31, 'D3.2 - Installation d’une solution d’infrastructure', 'Installation et configuration d''éléments d''infrastructure ', 'A3.2.1', 0),
(32, 'D3.2 - Installation d’une solution d’infrastructure', 'Remplacement ou mise à jour d''éléments défectueux ou obsolètes', 'A3.2.2', 0),
(33, 'D4.1 - Conception et réalisation d’une solution applicative', 'Proposition d''une solution applicative ', 'A4.1.1', 0),
(34, 'D4.1 - Conception et réalisation d’une solution applicative', 'Conception ou adaptation de l''interface utilisateur d''une solution applicative ', 'A4.1.2', 0),
(35, 'D4.1 - Conception et réalisation d’une solution applicative', 'Conception ou adaptation d''une base de données ', 'A4.1.3', 0),
(36, 'D4.1 - Conception et réalisation d’une solution applicative', 'Définition des caractéristiques d''une solution applicative ', 'A4.1.4', 0),
(37, 'D4.1 - Conception et réalisation d’une solution applicative', 'Prototypage de composants logiciels ', 'A4.1.5', 0),
(38, 'D4.1 - Conception et réalisation d’une solution applicative', 'Gestion d''environnements de développement et de test', 'A4.1.6', 0),
(39, 'D4.1 - Conception et réalisation d’une solution applicative', 'Développement, utilisation ou adaptation de composants logiciels', 'A4.1.7', 0),
(40, 'D4.1 - Conception et réalisation d’une solution applicative', 'Réalisation des tests nécessaires à la validation d''éléments adaptés ou développés', 'A4.1.8', 0),
(41, 'D4.1 - Conception et réalisation d’une solution applicative', 'Rédaction d''une documentation technique', 'A4.1.9', 0),
(42, 'D4.1 - Conception et réalisation d’une solution applicative', 'Rédaction d''une documentation d''utilisation ', 'A4.1.10', 0),
(43, 'D4.2 - Maintenance d''une solution applicative', 'Analyse et correction d''un dysfonctionnement, d''un problème de qualité de service ou de sécurité', 'A4.2.1', 0),
(44, 'D4.2 - Maintenance d''une solution applicative', 'Adaptation d''une solution applicative aux évolutions de ses composants', 'A4.2.2', 0),
(45, 'D4.2 - Maintenance d''une solution applicative', 'Réalisation des tests nécessaires à la mise en production d''éléments mis à jour', 'A4.2.3', 0),
(46, 'D4.2 - Maintenance d''une solution applicative', 'Mise à jour d''une documentation technique', 'A4.2.4', 0),
(47, 'D5.1 - Gestion des configurations', 'Mise en place d''une gestion de configuration', 'A5.1.1', 0),
(48, 'D5.1 - Gestion des configurations', 'Recueil d''informations sur une configuration et ses éléments', 'A5.1.2', 0),
(49, 'D5.1 - Gestion des configurations', 'Suivi d''une configuration et de ses éléments', 'A5.1.3', 0),
(50, 'D5.1 - Gestion des configurations', 'Étude de propositions de contrat de service (client, fournisseur)', 'A5.1.4', 0),
(51, 'D5.1 - Gestion des configurations', 'Évaluation d''un élément de configuration ou d''une configuration', 'A5.1.5', 0),
(52, 'D5.1 - Gestion des configurations', 'Évaluation d''un investissement informatique', 'A5.1.6', 0),
(53, 'D5.2 - Gestion des compétences', 'Exploitation des référentiels, normes et standards adoptés par le prestataire', 'A5.2.1', 0),
(54, 'D5.2 - Gestion des compétences', 'Veille technologique', 'A5.2.2', 0),
(55, 'D5.2 - Gestion des compétences', 'Repérage des compléments de formation ou d''auto-formation', 'A5.2.3', 0),
(56, 'D5.2 - Gestion des compétences', ' Étude d''une technologie, d''un composant, d''un outil ou d''une méthode', 'A5.2.4', 0);

-- --------------------------------------------------------

--
-- Structure de la table `situation_pro`
--

CREATE TABLE IF NOT EXISTS `situation_pro` (
  `id` bigint(20) NOT NULL AUTO_INCREMENT,
  `nom` varchar(200) NOT NULL,
  `url_detail` varchar(200) NOT NULL,
  `version` int(11) DEFAULT NULL,
  `vignette` varchar(200) NOT NULL,
  PRIMARY KEY (`id`)
) ENGINE=InnoDB  DEFAULT CHARSET=latin1 AUTO_INCREMENT=13 ;

--
-- Contenu de la table `situation_pro`
--

INSERT INTO `situation_pro` (`id`, `nom`, `url_detail`, `version`, `vignette`) VALUES
(1, 'GeTAP : refactoring  avec tests unitaires', '', 0, '<img class="nailthumb-container" src="/eportfolio/resources/images/refactoring_tests_unitaires.png" />'),
(2, 'GeTAP : intégration avec tests unitaires', '', 0, '<img class="nailthumb-container" src="/eportfolio/resources/images/integration.png" />'),
(3, 'TSLAP : premiers pas avec l''''Ajax', '', 0, '<img class="nailthumb-container" src="/eportfolio/resources/images/ajax_log.jpg" />'),
(4, 'TSLAP : import de données CSV', '', 0, '<img class="imgBann" src="/eportfolio/resources/images/csv.png" />'),
(5, 'TSLAP : comparaison de plugins', '', 0, '<img class="nailthumb-container" src="/eportfolio/resources/images/comparaison.jpg" />'),
(6, 'TSLAP : contexte', '', 0, '<img class="nailthumb-container" src="/eportfolio/resources/images/Palme.jpg" />'),
(7, 'TSLAP : guide utilisateur', '', 0, '<img class="nailthumb-container" src="/eportfolio/resources/images/CookbookLogofr.gif" />'),
(8, 'TSLAP : feedback', '', 0, '<img class="nailthumb-container" src="/eportfolio/resources/images/feedback.jpg" />'),
(9, 'TSLAP : veille technologique', '', 0, '<img class="nailthumb-container" src="/eportfolio/resources/images/veille_technologique.jpg" />'),
(10, 'DUNORD : amélioration de service', '', 0, '<img class="nailthumb-container" src="/eportfolio/resources/images/service.jpg" />'),
(11, 'GeTAP : contexte', '', 0, '<img class="nailthumb-container" src="/eportfolio/resources/images/getap.png" />'),
(12, 'TSLAP : travail en mode projet', '', 0, '<img class="imgBann" src="/eportfolio/resources/images/colab.jpg" />');

-- --------------------------------------------------------

--
-- Structure de la table `situation_pro_articles`
--

CREATE TABLE IF NOT EXISTS `situation_pro_articles` (
  `situation_pro` bigint(20) NOT NULL,
  `articles` bigint(20) NOT NULL,
  PRIMARY KEY (`situation_pro`,`articles`),
  KEY `FKF3B3C030C9668DA` (`articles`),
  KEY `FKF3B3C030504FEB74` (`situation_pro`)
) ENGINE=InnoDB DEFAULT CHARSET=latin1;

--
-- Contenu de la table `situation_pro_articles`
--

INSERT INTO `situation_pro_articles` (`situation_pro`, `articles`) VALUES
(1, 1),
(2, 2),
(3, 3),
(4, 4),
(5, 5),
(6, 6),
(7, 7),
(8, 8),
(9, 9),
(10, 10),
(11, 11),
(12, 12);

-- --------------------------------------------------------

--
-- Structure de la table `situation_pro_competences`
--

CREATE TABLE IF NOT EXISTS `situation_pro_competences` (
  `situation_pro` bigint(20) NOT NULL,
  `competences` bigint(20) NOT NULL,
  PRIMARY KEY (`situation_pro`,`competences`),
  KEY `FK7072CAF72BC17A8C` (`competences`),
  KEY `FK7072CAF7504FEB74` (`situation_pro`)
) ENGINE=InnoDB DEFAULT CHARSET=latin1;

--
-- Contenu de la table `situation_pro_competences`
--

INSERT INTO `situation_pro_competences` (`situation_pro`, `competences`) VALUES
(1, 13),
(2, 14),
(3, 15);

--
-- Contraintes pour les tables exportées
--

--
-- Contraintes pour la table `situation_pro_articles`
--
ALTER TABLE `situation_pro_articles`
  ADD CONSTRAINT `FKF3B3C030504FEB74` FOREIGN KEY (`situation_pro`) REFERENCES `situation_pro` (`id`),
  ADD CONSTRAINT `FKF3B3C030C9668DA` FOREIGN KEY (`articles`) REFERENCES `article` (`id`);

--
-- Contraintes pour la table `situation_pro_competences`
--
ALTER TABLE `situation_pro_competences`
  ADD CONSTRAINT `FK7072CAF72BC17A8C` FOREIGN KEY (`competences`) REFERENCES `competence` (`id`),
  ADD CONSTRAINT `FK7072CAF7504FEB74` FOREIGN KEY (`situation_pro`) REFERENCES `situation_pro` (`id`);

/*!40101 SET CHARACTER_SET_CLIENT=@OLD_CHARACTER_SET_CLIENT */;
/*!40101 SET CHARACTER_SET_RESULTS=@OLD_CHARACTER_SET_RESULTS */;
/*!40101 SET COLLATION_CONNECTION=@OLD_COLLATION_CONNECTION */;
